Timestamp,Type,Description
2019-10-04 11:14:30,EVENT,|File || /data/logs/log_system.csv || created|
2019-10-04 11:19:24,ERROR,|MQTT || Broker - localhost || [WinError 10061] Es konnte keine Verbindung hergestellt werden, da der Zielcomputer die Verbindung verweigerte|
2019-10-04 11:19:25,ERROR,|eMail || None || ERROR || MQTT || Broker - localhost || [WinError 10061] Es konnte keine Verbindung hergestellt werden, da der Zielcomputer die Verbindung verweigerte || No recipients have been added|
2019-10-04 11:19:27,ERROR,|ZigBee2MQTT || No Connection|
2019-10-04 11:19:28,ERROR,|eMail || None || ERROR || ZigBee2MQTT || No Connection || No recipients have been added|
2019-10-04 11:20:55,ERROR,|MQTT || Broker - localhost || [WinError 10061] Es konnte keine Verbindung hergestellt werden, da der Zielcomputer die Verbindung verweigerte|
2019-10-04 11:20:55,ERROR,|eMail || None || ERROR || MQTT || Broker - localhost || [WinError 10061] Es konnte keine Verbindung hergestellt werden, da der Zielcomputer die Verbindung verweigerte || No recipients have been added|
2019-10-04 11:20:58,ERROR,|ZigBee2MQTT || No Connection|
2019-10-04 11:20:58,ERROR,|eMail || None || ERROR || ZigBee2MQTT || No Connection || No recipients have been added|
2019-10-04 11:25:11,ERROR,|MQTT || Broker - localhost || [WinError 10061] Es konnte keine Verbindung hergestellt werden, da der Zielcomputer die Verbindung verweigerte|
2019-10-04 11:25:12,ERROR,|eMail || None || ERROR || MQTT || Broker - localhost || [WinError 10061] Es konnte keine Verbindung hergestellt werden, da der Zielcomputer die Verbindung verweigerte || No recipients have been added|
2019-10-04 11:25:14,ERROR,|ZigBee2MQTT || No Connection|
2019-10-04 11:25:15,ERROR,|eMail || None || ERROR || ZigBee2MQTT || No Connection || No recipients have been added|
2019-10-04 11:26:39,ERROR,|MQTT || Broker - localhost || [WinError 10061] Es konnte keine Verbindung hergestellt werden, da der Zielcomputer die Verbindung verweigerte|
2019-10-04 11:26:39,ERROR,|eMail || None || ERROR || MQTT || Broker - localhost || [WinError 10061] Es konnte keine Verbindung hergestellt werden, da der Zielcomputer die Verbindung verweigerte || No recipients have been added|
2019-10-04 11:26:42,ERROR,|ZigBee2MQTT || No Connection|
2019-10-04 11:26:42,ERROR,|eMail || None || ERROR || ZigBee2MQTT || No Connection || No recipients have been added|
2019-10-04 11:31:14,ERROR,|MQTT || Broker - localhost || [WinError 10061] Es konnte keine Verbindung hergestellt werden, da der Zielcomputer die Verbindung verweigerte|
2019-10-04 11:31:14,ERROR,|eMail || None || ERROR || MQTT || Broker - localhost || [WinError 10061] Es konnte keine Verbindung hergestellt werden, da der Zielcomputer die Verbindung verweigerte || No recipients have been added|
2019-10-04 11:31:17,ERROR,|ZigBee2MQTT || No Connection|
2019-10-04 11:31:17,ERROR,|eMail || None || ERROR || ZigBee2MQTT || No Connection || No recipients have been added|
2019-10-04 11:31:53,ERROR,|MQTT || Broker - localhost || [WinError 10061] Es konnte keine Verbindung hergestellt werden, da der Zielcomputer die Verbindung verweigerte|
2019-10-04 11:31:53,ERROR,|eMail || None || ERROR || MQTT || Broker - localhost || [WinError 10061] Es konnte keine Verbindung hergestellt werden, da der Zielcomputer die Verbindung verweigerte || No recipients have been added|
2019-10-04 11:31:56,ERROR,|ZigBee2MQTT || No Connection|
2019-10-04 11:31:56,ERROR,|eMail || None || ERROR || ZigBee2MQTT || No Connection || No recipients have been added|
2019-10-04 12:06:51,ERROR,|MQTT || Broker - localhost || [WinError 10061] Es konnte keine Verbindung hergestellt werden, da der Zielcomputer die Verbindung verweigerte|
2019-10-04 12:06:51,ERROR,|eMail || None || ERROR || MQTT || Broker - localhost || [WinError 10061] Es konnte keine Verbindung hergestellt werden, da der Zielcomputer die Verbindung verweigerte || No recipients have been added|
2019-10-04 12:06:54,ERROR,|ZigBee2MQTT || No Connection|
2019-10-04 12:06:54,ERROR,|eMail || None || ERROR || ZigBee2MQTT || No Connection || No recipients have been added|
2019-10-04 12:07:32,ERROR,|MQTT || Broker - localhost || [WinError 10061] Es konnte keine Verbindung hergestellt werden, da der Zielcomputer die Verbindung verweigerte|
2019-10-04 12:07:32,ERROR,|eMail || None || ERROR || MQTT || Broker - localhost || [WinError 10061] Es konnte keine Verbindung hergestellt werden, da der Zielcomputer die Verbindung verweigerte || No recipients have been added|
2019-10-04 12:07:35,ERROR,|ZigBee2MQTT || No Connection|
2019-10-04 12:07:35,ERROR,|eMail || None || ERROR || ZigBee2MQTT || No Connection || No recipients have been added|
2019-10-04 12:09:51,ERROR,|MQTT || Broker - localhost || [WinError 10061] Es konnte keine Verbindung hergestellt werden, da der Zielcomputer die Verbindung verweigerte|
2019-10-04 12:09:51,ERROR,|eMail || None || ERROR || MQTT || Broker - localhost || [WinError 10061] Es konnte keine Verbindung hergestellt werden, da der Zielcomputer die Verbindung verweigerte || No recipients have been added|
2019-10-04 12:09:54,ERROR,|ZigBee2MQTT || No Connection|
2019-10-04 12:09:54,ERROR,|eMail || None || ERROR || ZigBee2MQTT || No Connection || No recipients have been added|
2019-10-04 12:10:34,ERROR,|MQTT || Broker - localhost || [WinError 10061] Es konnte keine Verbindung hergestellt werden, da der Zielcomputer die Verbindung verweigerte|
2019-10-04 12:10:34,ERROR,|eMail || None || ERROR || MQTT || Broker - localhost || [WinError 10061] Es konnte keine Verbindung hergestellt werden, da der Zielcomputer die Verbindung verweigerte || No recipients have been added|
2019-10-04 12:10:37,ERROR,|ZigBee2MQTT || No Connection|
2019-10-04 12:10:37,ERROR,|eMail || None || ERROR || ZigBee2MQTT || No Connection || No recipients have been added|
2019-10-04 12:21:11,ERROR,|MQTT || Broker - localhost || [WinError 10061] Es konnte keine Verbindung hergestellt werden, da der Zielcomputer die Verbindung verweigerte|
2019-10-04 12:21:11,ERROR,|eMail || None || ERROR || MQTT || Broker - localhost || [WinError 10061] Es konnte keine Verbindung hergestellt werden, da der Zielcomputer die Verbindung verweigerte || No recipients have been added|
2019-10-04 12:21:14,ERROR,|ZigBee2MQTT || No Connection|
2019-10-04 12:21:14,ERROR,|eMail || None || ERROR || ZigBee2MQTT || No Connection || No recipients have been added|
2019-10-04 12:22:25,ERROR,|MQTT || Broker - localhost || [WinError 10061] Es konnte keine Verbindung hergestellt werden, da der Zielcomputer die Verbindung verweigerte|
2019-10-04 12:22:25,ERROR,|eMail || None || ERROR || MQTT || Broker - localhost || [WinError 10061] Es konnte keine Verbindung hergestellt werden, da der Zielcomputer die Verbindung verweigerte || No recipients have been added|
2019-10-04 12:22:28,ERROR,|ZigBee2MQTT || No Connection|
2019-10-04 12:22:28,ERROR,|eMail || None || ERROR || ZigBee2MQTT || No Connection || No recipients have been added|
2019-10-04 12:26:01,ERROR,|MQTT || Broker - localhost || [WinError 10061] Es konnte keine Verbindung hergestellt werden, da der Zielcomputer die Verbindung verweigerte|
2019-10-04 12:26:01,ERROR,|eMail || None || ERROR || MQTT || Broker - localhost || [WinError 10061] Es konnte keine Verbindung hergestellt werden, da der Zielcomputer die Verbindung verweigerte || No recipients have been added|
2019-10-04 12:26:04,ERROR,|ZigBee2MQTT || No Connection|
2019-10-04 12:26:04,ERROR,|eMail || None || ERROR || ZigBee2MQTT || No Connection || No recipients have been added|
2019-10-04 12:26:34,ERROR,|MQTT || Broker - localhost || [WinError 10061] Es konnte keine Verbindung hergestellt werden, da der Zielcomputer die Verbindung verweigerte|
2019-10-04 12:26:35,ERROR,|eMail || None || ERROR || MQTT || Broker - localhost || [WinError 10061] Es konnte keine Verbindung hergestellt werden, da der Zielcomputer die Verbindung verweigerte || No recipients have been added|
2019-10-04 12:26:37,ERROR,|ZigBee2MQTT || No Connection|
2019-10-04 12:26:38,ERROR,|eMail || None || ERROR || ZigBee2MQTT || No Connection || No recipients have been added|
2019-10-04 12:30:46,ERROR,|MQTT || Broker - localhost || [WinError 10061] Es konnte keine Verbindung hergestellt werden, da der Zielcomputer die Verbindung verweigerte|
2019-10-04 12:30:46,ERROR,|eMail || None || ERROR || MQTT || Broker - localhost || [WinError 10061] Es konnte keine Verbindung hergestellt werden, da der Zielcomputer die Verbindung verweigerte || No recipients have been added|
2019-10-04 12:30:49,ERROR,|ZigBee2MQTT || No Connection|
2019-10-04 12:30:49,ERROR,|eMail || None || ERROR || ZigBee2MQTT || No Connection || No recipients have been added|
2019-10-04 12:52:07,ERROR,|MQTT || Broker - localhost || [WinError 10061] Es konnte keine Verbindung hergestellt werden, da der Zielcomputer die Verbindung verweigerte|
2019-10-04 12:52:08,ERROR,|eMail || None || ERROR || MQTT || Broker - localhost || [WinError 10061] Es konnte keine Verbindung hergestellt werden, da der Zielcomputer die Verbindung verweigerte || No recipients have been added|
2019-10-04 12:52:10,ERROR,|ZigBee2MQTT || No Connection|
2019-10-04 12:52:10,ERROR,|eMail || None || ERROR || ZigBee2MQTT || No Connection || No recipients have been added|
2019-10-04 12:54:46,ERROR,|MQTT || Broker - localhost || [WinError 10061] Es konnte keine Verbindung hergestellt werden, da der Zielcomputer die Verbindung verweigerte|
2019-10-04 12:54:46,ERROR,|eMail || None || ERROR || MQTT || Broker - localhost || [WinError 10061] Es konnte keine Verbindung hergestellt werden, da der Zielcomputer die Verbindung verweigerte || No recipients have been added|
2019-10-04 12:54:49,ERROR,|ZigBee2MQTT || No Connection|
2019-10-04 12:54:49,ERROR,|eMail || None || ERROR || ZigBee2MQTT || No Connection || No recipients have been added|
2019-10-04 13:01:59,ERROR,|MQTT || Broker - localhost || [WinError 10061] Es konnte keine Verbindung hergestellt werden, da der Zielcomputer die Verbindung verweigerte|
2019-10-04 13:01:59,ERROR,|eMail || None || ERROR || MQTT || Broker - localhost || [WinError 10061] Es konnte keine Verbindung hergestellt werden, da der Zielcomputer die Verbindung verweigerte || No recipients have been added|
2019-10-04 13:02:02,ERROR,|ZigBee2MQTT || No Connection|
2019-10-04 13:02:02,ERROR,|eMail || None || ERROR || ZigBee2MQTT || No Connection || No recipients have been added|
2019-10-04 13:02:49,ERROR,|MQTT || Broker - localhost || [WinError 10061] Es konnte keine Verbindung hergestellt werden, da der Zielcomputer die Verbindung verweigerte|
2019-10-04 13:02:49,ERROR,|eMail || None || ERROR || MQTT || Broker - localhost || [WinError 10061] Es konnte keine Verbindung hergestellt werden, da der Zielcomputer die Verbindung verweigerte || No recipients have been added|
2019-10-04 13:02:52,ERROR,|ZigBee2MQTT || No Connection|
2019-10-04 13:02:52,ERROR,|eMail || None || ERROR || ZigBee2MQTT || No Connection || No recipients have been added|
2019-10-04 13:05:22,ERROR,|MQTT || Broker - localhost || [WinError 10061] Es konnte keine Verbindung hergestellt werden, da der Zielcomputer die Verbindung verweigerte|
2019-10-04 13:05:22,ERROR,|eMail || None || ERROR || MQTT || Broker - localhost || [WinError 10061] Es konnte keine Verbindung hergestellt werden, da der Zielcomputer die Verbindung verweigerte || No recipients have been added|
2019-10-04 13:05:25,ERROR,|ZigBee2MQTT || No Connection|
2019-10-04 13:05:25,ERROR,|eMail || None || ERROR || ZigBee2MQTT || No Connection || No recipients have been added|
2019-10-04 13:09:48,ERROR,|MQTT || Broker - localhost || [WinError 10061] Es konnte keine Verbindung hergestellt werden, da der Zielcomputer die Verbindung verweigerte|
2019-10-04 13:09:49,ERROR,|eMail || None || ERROR || MQTT || Broker - localhost || [WinError 10061] Es konnte keine Verbindung hergestellt werden, da der Zielcomputer die Verbindung verweigerte || No recipients have been added|
2019-10-04 13:09:51,ERROR,|ZigBee2MQTT || No Connection|
2019-10-04 13:09:52,ERROR,|eMail || None || ERROR || ZigBee2MQTT || No Connection || No recipients have been added|
2019-10-04 13:11:50,ERROR,|MQTT || Broker - localhost || [WinError 10061] Es konnte keine Verbindung hergestellt werden, da der Zielcomputer die Verbindung verweigerte|
2019-10-04 13:11:50,ERROR,|eMail || None || ERROR || MQTT || Broker - localhost || [WinError 10061] Es konnte keine Verbindung hergestellt werden, da der Zielcomputer die Verbindung verweigerte || No recipients have been added|
2019-10-04 13:11:53,ERROR,|ZigBee2MQTT || No Connection|
2019-10-04 13:11:53,ERROR,|eMail || None || ERROR || ZigBee2MQTT || No Connection || No recipients have been added|
2019-10-04 13:13:14,ERROR,|MQTT || Broker - localhost || [WinError 10061] Es konnte keine Verbindung hergestellt werden, da der Zielcomputer die Verbindung verweigerte|
2019-10-04 13:13:14,ERROR,|eMail || None || ERROR || MQTT || Broker - localhost || [WinError 10061] Es konnte keine Verbindung hergestellt werden, da der Zielcomputer die Verbindung verweigerte || No recipients have been added|
2019-10-04 13:13:17,ERROR,|ZigBee2MQTT || No Connection|
2019-10-04 13:13:17,ERROR,|eMail || None || ERROR || ZigBee2MQTT || No Connection || No recipients have been added|
2019-10-04 13:13:47,ERROR,|MQTT || Broker - localhost || [WinError 10061] Es konnte keine Verbindung hergestellt werden, da der Zielcomputer die Verbindung verweigerte|
2019-10-04 13:13:48,ERROR,|eMail || None || ERROR || MQTT || Broker - localhost || [WinError 10061] Es konnte keine Verbindung hergestellt werden, da der Zielcomputer die Verbindung verweigerte || No recipients have been added|
2019-10-04 13:13:50,ERROR,|ZigBee2MQTT || No Connection|
2019-10-04 13:13:51,ERROR,|eMail || None || ERROR || ZigBee2MQTT || No Connection || No recipients have been added|
2019-10-04 13:14:16,ERROR,|MQTT || Broker - localhost || [WinError 10061] Es konnte keine Verbindung hergestellt werden, da der Zielcomputer die Verbindung verweigerte|
2019-10-04 13:14:16,ERROR,|eMail || None || ERROR || MQTT || Broker - localhost || [WinError 10061] Es konnte keine Verbindung hergestellt werden, da der Zielcomputer die Verbindung verweigerte || No recipients have been added|
2019-10-04 13:14:19,ERROR,|ZigBee2MQTT || No Connection|
2019-10-04 13:14:19,ERROR,|eMail || None || ERROR || ZigBee2MQTT || No Connection || No recipients have been added|
2019-10-04 13:14:49,ERROR,|MQTT || Broker - localhost || [WinError 10061] Es konnte keine Verbindung hergestellt werden, da der Zielcomputer die Verbindung verweigerte|
2019-10-04 13:14:49,ERROR,|eMail || None || ERROR || MQTT || Broker - localhost || [WinError 10061] Es konnte keine Verbindung hergestellt werden, da der Zielcomputer die Verbindung verweigerte || No recipients have been added|
2019-10-04 13:14:52,ERROR,|ZigBee2MQTT || No Connection|
2019-10-04 13:14:52,ERROR,|eMail || None || ERROR || ZigBee2MQTT || No Connection || No recipients have been added|
2019-10-04 13:16:24,ERROR,|MQTT || Broker - localhost || [WinError 10061] Es konnte keine Verbindung hergestellt werden, da der Zielcomputer die Verbindung verweigerte|
2019-10-04 13:16:25,ERROR,|eMail || None || ERROR || MQTT || Broker - localhost || [WinError 10061] Es konnte keine Verbindung hergestellt werden, da der Zielcomputer die Verbindung verweigerte || No recipients have been added|
2019-10-04 13:16:27,ERROR,|ZigBee2MQTT || No Connection|
2019-10-04 13:16:28,ERROR,|eMail || None || ERROR || ZigBee2MQTT || No Connection || No recipients have been added|
2019-10-04 13:19:59,ERROR,|MQTT || Broker - localhost || [WinError 10061] Es konnte keine Verbindung hergestellt werden, da der Zielcomputer die Verbindung verweigerte|
2019-10-04 13:20:00,ERROR,|eMail || None || ERROR || MQTT || Broker - localhost || [WinError 10061] Es konnte keine Verbindung hergestellt werden, da der Zielcomputer die Verbindung verweigerte || No recipients have been added|
2019-10-04 13:20:02,ERROR,|ZigBee2MQTT || No Connection|
2019-10-04 13:20:03,ERROR,|eMail || None || ERROR || ZigBee2MQTT || No Connection || No recipients have been added|
2019-10-04 13:21:01,ERROR,|MQTT || Broker - localhost || [WinError 10061] Es konnte keine Verbindung hergestellt werden, da der Zielcomputer die Verbindung verweigerte|
2019-10-04 13:21:01,ERROR,|eMail || None || ERROR || MQTT || Broker - localhost || [WinError 10061] Es konnte keine Verbindung hergestellt werden, da der Zielcomputer die Verbindung verweigerte || No recipients have been added|
2019-10-04 13:21:04,ERROR,|ZigBee2MQTT || No Connection|
2019-10-04 13:21:04,ERROR,|eMail || None || ERROR || ZigBee2MQTT || No Connection || No recipients have been added|
2019-10-04 13:22:18,ERROR,|MQTT || Broker - localhost || [WinError 10061] Es konnte keine Verbindung hergestellt werden, da der Zielcomputer die Verbindung verweigerte|
2019-10-04 13:22:18,ERROR,|eMail || None || ERROR || MQTT || Broker - localhost || [WinError 10061] Es konnte keine Verbindung hergestellt werden, da der Zielcomputer die Verbindung verweigerte || No recipients have been added|
2019-10-04 13:22:21,ERROR,|ZigBee2MQTT || No Connection|
2019-10-04 13:22:21,ERROR,|eMail || None || ERROR || ZigBee2MQTT || No Connection || No recipients have been added|
2019-10-04 13:23:18,ERROR,|MQTT || Broker - localhost || [WinError 10061] Es konnte keine Verbindung hergestellt werden, da der Zielcomputer die Verbindung verweigerte|
2019-10-04 13:23:19,ERROR,|eMail || None || ERROR || MQTT || Broker - localhost || [WinError 10061] Es konnte keine Verbindung hergestellt werden, da der Zielcomputer die Verbindung verweigerte || No recipients have been added|
2019-10-04 13:23:21,ERROR,|ZigBee2MQTT || No Connection|
2019-10-04 13:23:22,ERROR,|eMail || None || ERROR || ZigBee2MQTT || No Connection || No recipients have been added|
2019-10-04 13:23:59,ERROR,|MQTT || Broker - localhost || [WinError 10061] Es konnte keine Verbindung hergestellt werden, da der Zielcomputer die Verbindung verweigerte|
2019-10-04 13:23:59,ERROR,|eMail || None || ERROR || MQTT || Broker - localhost || [WinError 10061] Es konnte keine Verbindung hergestellt werden, da der Zielcomputer die Verbindung verweigerte || No recipients have been added|
2019-10-04 13:24:02,ERROR,|ZigBee2MQTT || No Connection|
2019-10-04 13:24:02,ERROR,|eMail || None || ERROR || ZigBee2MQTT || No Connection || No recipients have been added|
2019-10-04 13:25:39,ERROR,|MQTT || Broker - localhost || [WinError 10061] Es konnte keine Verbindung hergestellt werden, da der Zielcomputer die Verbindung verweigerte|
2019-10-04 13:25:39,ERROR,|eMail || None || ERROR || MQTT || Broker - localhost || [WinError 10061] Es konnte keine Verbindung hergestellt werden, da der Zielcomputer die Verbindung verweigerte || No recipients have been added|
2019-10-04 13:25:42,ERROR,|ZigBee2MQTT || No Connection|
2019-10-04 13:25:42,ERROR,|eMail || None || ERROR || ZigBee2MQTT || No Connection || No recipients have been added|
2019-10-04 13:26:14,ERROR,|MQTT || Broker - localhost || [WinError 10061] Es konnte keine Verbindung hergestellt werden, da der Zielcomputer die Verbindung verweigerte|
2019-10-04 13:26:14,ERROR,|eMail || None || ERROR || MQTT || Broker - localhost || [WinError 10061] Es konnte keine Verbindung hergestellt werden, da der Zielcomputer die Verbindung verweigerte || No recipients have been added|
2019-10-04 13:26:17,ERROR,|ZigBee2MQTT || No Connection|
2019-10-04 13:26:17,ERROR,|eMail || None || ERROR || ZigBee2MQTT || No Connection || No recipients have been added|
2019-10-04 13:27:55,ERROR,|MQTT || Broker - localhost || [WinError 10061] Es konnte keine Verbindung hergestellt werden, da der Zielcomputer die Verbindung verweigerte|
2019-10-04 13:27:56,ERROR,|eMail || None || ERROR || MQTT || Broker - localhost || [WinError 10061] Es konnte keine Verbindung hergestellt werden, da der Zielcomputer die Verbindung verweigerte || No recipients have been added|
2019-10-04 13:27:58,ERROR,|ZigBee2MQTT || No Connection|
2019-10-04 13:27:59,ERROR,|eMail || None || ERROR || ZigBee2MQTT || No Connection || No recipients have been added|
2019-10-04 13:30:10,ERROR,|MQTT || Broker - localhost || [WinError 10061] Es konnte keine Verbindung hergestellt werden, da der Zielcomputer die Verbindung verweigerte|
2019-10-04 13:30:11,ERROR,|eMail || None || ERROR || MQTT || Broker - localhost || [WinError 10061] Es konnte keine Verbindung hergestellt werden, da der Zielcomputer die Verbindung verweigerte || No recipients have been added|
2019-10-04 13:30:13,ERROR,|ZigBee2MQTT || No Connection|
2019-10-04 13:30:14,ERROR,|eMail || None || ERROR || ZigBee2MQTT || No Connection || No recipients have been added|
2019-10-04 13:30:40,ERROR,|MQTT || Broker - localhost || [WinError 10061] Es konnte keine Verbindung hergestellt werden, da der Zielcomputer die Verbindung verweigerte|
2019-10-04 13:30:40,ERROR,|eMail || None || ERROR || MQTT || Broker - localhost || [WinError 10061] Es konnte keine Verbindung hergestellt werden, da der Zielcomputer die Verbindung verweigerte || No recipients have been added|
2019-10-04 13:30:43,ERROR,|ZigBee2MQTT || No Connection|
2019-10-04 13:30:43,ERROR,|eMail || None || ERROR || ZigBee2MQTT || No Connection || No recipients have been added|
2019-10-04 14:22:46,ERROR,|MQTT || Broker - localhost || [WinError 10061] Es konnte keine Verbindung hergestellt werden, da der Zielcomputer die Verbindung verweigerte|
2019-10-04 14:22:46,ERROR,|eMail || None || ERROR || MQTT || Broker - localhost || [WinError 10061] Es konnte keine Verbindung hergestellt werden, da der Zielcomputer die Verbindung verweigerte || No recipients have been added|
2019-10-04 14:22:49,ERROR,|ZigBee2MQTT || No Connection|
2019-10-04 14:22:49,ERROR,|eMail || None || ERROR || ZigBee2MQTT || No Connection || No recipients have been added|
2019-10-04 14:23:38,ERROR,|MQTT || Broker - localhost || [WinError 10061] Es konnte keine Verbindung hergestellt werden, da der Zielcomputer die Verbindung verweigerte|
2019-10-04 14:23:38,ERROR,|eMail || None || ERROR || MQTT || Broker - localhost || [WinError 10061] Es konnte keine Verbindung hergestellt werden, da der Zielcomputer die Verbindung verweigerte || No recipients have been added|
2019-10-04 14:23:40,ERROR,|ZigBee2MQTT || No Connection|
2019-10-04 14:23:41,ERROR,|eMail || None || ERROR || ZigBee2MQTT || No Connection || No recipients have been added|
2019-10-04 14:24:23,ERROR,|MQTT || Broker - localhost || [WinError 10061] Es konnte keine Verbindung hergestellt werden, da der Zielcomputer die Verbindung verweigerte|
2019-10-04 14:24:24,ERROR,|eMail || None || ERROR || MQTT || Broker - localhost || [WinError 10061] Es konnte keine Verbindung hergestellt werden, da der Zielcomputer die Verbindung verweigerte || No recipients have been added|
2019-10-04 14:24:26,ERROR,|ZigBee2MQTT || No Connection|
2019-10-04 14:24:27,ERROR,|eMail || None || ERROR || ZigBee2MQTT || No Connection || No recipients have been added|
2019-10-04 14:25:03,ERROR,|MQTT || Broker - localhost || [WinError 10061] Es konnte keine Verbindung hergestellt werden, da der Zielcomputer die Verbindung verweigerte|
2019-10-04 14:25:03,ERROR,|eMail || None || ERROR || MQTT || Broker - localhost || [WinError 10061] Es konnte keine Verbindung hergestellt werden, da der Zielcomputer die Verbindung verweigerte || No recipients have been added|
2019-10-04 14:25:06,ERROR,|ZigBee2MQTT || No Connection|
2019-10-04 14:25:06,ERROR,|eMail || None || ERROR || ZigBee2MQTT || No Connection || No recipients have been added|
2019-10-04 14:25:41,ERROR,|MQTT || Broker - localhost || [WinError 10061] Es konnte keine Verbindung hergestellt werden, da der Zielcomputer die Verbindung verweigerte|
2019-10-04 14:25:42,ERROR,|eMail || None || ERROR || MQTT || Broker - localhost || [WinError 10061] Es konnte keine Verbindung hergestellt werden, da der Zielcomputer die Verbindung verweigerte || No recipients have been added|
2019-10-04 14:25:44,ERROR,|ZigBee2MQTT || No Connection|
2019-10-04 14:25:45,ERROR,|eMail || None || ERROR || ZigBee2MQTT || No Connection || No recipients have been added|
2019-10-04 14:27:58,ERROR,|MQTT || Broker - localhost || [WinError 10061] Es konnte keine Verbindung hergestellt werden, da der Zielcomputer die Verbindung verweigerte|
2019-10-04 14:27:58,ERROR,|eMail || None || ERROR || MQTT || Broker - localhost || [WinError 10061] Es konnte keine Verbindung hergestellt werden, da der Zielcomputer die Verbindung verweigerte || No recipients have been added|
2019-10-04 14:28:01,ERROR,|ZigBee2MQTT || No Connection|
2019-10-04 14:28:01,ERROR,|eMail || None || ERROR || ZigBee2MQTT || No Connection || No recipients have been added|
2019-10-04 14:30:42,ERROR,|MQTT || Broker - localhost || [WinError 10061] Es konnte keine Verbindung hergestellt werden, da der Zielcomputer die Verbindung verweigerte|
2019-10-04 14:30:42,ERROR,|eMail || None || ERROR || MQTT || Broker - localhost || [WinError 10061] Es konnte keine Verbindung hergestellt werden, da der Zielcomputer die Verbindung verweigerte || No recipients have been added|
2019-10-04 14:30:45,ERROR,|ZigBee2MQTT || No Connection|
2019-10-04 14:30:45,ERROR,|eMail || None || ERROR || ZigBee2MQTT || No Connection || No recipients have been added|
2019-10-04 14:37:12,ERROR,|MQTT || Broker - localhost || [WinError 10061] Es konnte keine Verbindung hergestellt werden, da der Zielcomputer die Verbindung verweigerte|
2019-10-04 14:37:12,ERROR,|eMail || None || ERROR || MQTT || Broker - localhost || [WinError 10061] Es konnte keine Verbindung hergestellt werden, da der Zielcomputer die Verbindung verweigerte || No recipients have been added|
2019-10-04 14:37:15,ERROR,|ZigBee2MQTT || No Connection|
2019-10-04 14:37:15,ERROR,|eMail || None || ERROR || ZigBee2MQTT || No Connection || No recipients have been added|
2019-10-04 14:49:13,ERROR,|MQTT || Broker - localhost || [WinError 10061] Es konnte keine Verbindung hergestellt werden, da der Zielcomputer die Verbindung verweigerte|
2019-10-04 14:49:13,ERROR,|eMail || None || ERROR || MQTT || Broker - localhost || [WinError 10061] Es konnte keine Verbindung hergestellt werden, da der Zielcomputer die Verbindung verweigerte || No recipients have been added|
2019-10-04 14:49:16,ERROR,|ZigBee2MQTT || No Connection|
2019-10-04 14:49:16,ERROR,|eMail || None || ERROR || ZigBee2MQTT || No Connection || No recipients have been added|
2019-10-04 14:50:01,ERROR,|MQTT || Broker - localhost || [WinError 10061] Es konnte keine Verbindung hergestellt werden, da der Zielcomputer die Verbindung verweigerte|
2019-10-04 14:50:02,ERROR,|eMail || None || ERROR || MQTT || Broker - localhost || [WinError 10061] Es konnte keine Verbindung hergestellt werden, da der Zielcomputer die Verbindung verweigerte || No recipients have been added|
2019-10-04 14:50:04,ERROR,|ZigBee2MQTT || No Connection|
2019-10-04 14:50:05,ERROR,|eMail || None || ERROR || ZigBee2MQTT || No Connection || No recipients have been added|
2019-10-04 14:52:54,ERROR,|MQTT || Broker - localhost || [WinError 10061] Es konnte keine Verbindung hergestellt werden, da der Zielcomputer die Verbindung verweigerte|
2019-10-04 14:52:55,ERROR,|eMail || None || ERROR || MQTT || Broker - localhost || [WinError 10061] Es konnte keine Verbindung hergestellt werden, da der Zielcomputer die Verbindung verweigerte || No recipients have been added|
2019-10-04 14:52:57,ERROR,|ZigBee2MQTT || No Connection|
2019-10-04 14:52:58,ERROR,|eMail || None || ERROR || ZigBee2MQTT || No Connection || No recipients have been added|
2019-10-04 14:54:15,ERROR,|MQTT || Broker - localhost || [WinError 10061] Es konnte keine Verbindung hergestellt werden, da der Zielcomputer die Verbindung verweigerte|
2019-10-04 14:54:15,ERROR,|eMail || None || ERROR || MQTT || Broker - localhost || [WinError 10061] Es konnte keine Verbindung hergestellt werden, da der Zielcomputer die Verbindung verweigerte || No recipients have been added|
2019-10-04 14:54:18,ERROR,|ZigBee2MQTT || No Connection|
2019-10-04 14:54:18,ERROR,|eMail || None || ERROR || ZigBee2MQTT || No Connection || No recipients have been added|
2019-10-04 14:55:52,ERROR,|MQTT || Broker - localhost || [WinError 10061] Es konnte keine Verbindung hergestellt werden, da der Zielcomputer die Verbindung verweigerte|
2019-10-04 14:55:52,ERROR,|eMail || None || ERROR || MQTT || Broker - localhost || [WinError 10061] Es konnte keine Verbindung hergestellt werden, da der Zielcomputer die Verbindung verweigerte || No recipients have been added|
2019-10-04 14:55:55,ERROR,|ZigBee2MQTT || No Connection|
2019-10-04 14:55:55,ERROR,|eMail || None || ERROR || ZigBee2MQTT || No Connection || No recipients have been added|
2019-10-04 14:56:46,ERROR,|MQTT || Broker - localhost || [WinError 10061] Es konnte keine Verbindung hergestellt werden, da der Zielcomputer die Verbindung verweigerte|
2019-10-04 14:56:46,ERROR,|eMail || None || ERROR || MQTT || Broker - localhost || [WinError 10061] Es konnte keine Verbindung hergestellt werden, da der Zielcomputer die Verbindung verweigerte || No recipients have been added|
2019-10-04 14:56:49,ERROR,|ZigBee2MQTT || No Connection|
2019-10-04 14:56:49,ERROR,|eMail || None || ERROR || ZigBee2MQTT || No Connection || No recipients have been added|
2019-10-04 14:58:37,ERROR,|MQTT || Broker - localhost || [WinError 10061] Es konnte keine Verbindung hergestellt werden, da der Zielcomputer die Verbindung verweigerte|
2019-10-04 14:58:38,ERROR,|eMail || None || ERROR || MQTT || Broker - localhost || [WinError 10061] Es konnte keine Verbindung hergestellt werden, da der Zielcomputer die Verbindung verweigerte || No recipients have been added|
2019-10-04 14:58:40,ERROR,|ZigBee2MQTT || No Connection|
2019-10-04 14:58:41,ERROR,|eMail || None || ERROR || ZigBee2MQTT || No Connection || No recipients have been added|
2019-10-04 14:59:49,ERROR,|MQTT || Broker - localhost || [WinError 10061] Es konnte keine Verbindung hergestellt werden, da der Zielcomputer die Verbindung verweigerte|
2019-10-04 14:59:50,ERROR,|eMail || None || ERROR || MQTT || Broker - localhost || [WinError 10061] Es konnte keine Verbindung hergestellt werden, da der Zielcomputer die Verbindung verweigerte || No recipients have been added|
2019-10-04 14:59:52,ERROR,|ZigBee2MQTT || No Connection|
2019-10-04 14:59:53,ERROR,|eMail || None || ERROR || ZigBee2MQTT || No Connection || No recipients have been added|
2019-10-04 15:01:36,ERROR,|MQTT || Broker - localhost || [WinError 10061] Es konnte keine Verbindung hergestellt werden, da der Zielcomputer die Verbindung verweigerte|
2019-10-04 15:01:37,ERROR,|eMail || None || ERROR || MQTT || Broker - localhost || [WinError 10061] Es konnte keine Verbindung hergestellt werden, da der Zielcomputer die Verbindung verweigerte || No recipients have been added|
2019-10-04 15:01:39,ERROR,|ZigBee2MQTT || No Connection|
2019-10-04 15:01:40,ERROR,|eMail || None || ERROR || ZigBee2MQTT || No Connection || No recipients have been added|
2019-10-04 15:04:00,ERROR,|MQTT || Broker - localhost || [WinError 10061] Es konnte keine Verbindung hergestellt werden, da der Zielcomputer die Verbindung verweigerte|
2019-10-04 15:04:01,ERROR,|eMail || None || ERROR || MQTT || Broker - localhost || [WinError 10061] Es konnte keine Verbindung hergestellt werden, da der Zielcomputer die Verbindung verweigerte || No recipients have been added|
2019-10-04 15:04:03,ERROR,|ZigBee2MQTT || No Connection|
2019-10-04 15:04:04,ERROR,|eMail || None || ERROR || ZigBee2MQTT || No Connection || No recipients have been added|
2019-10-04 15:04:51,ERROR,|MQTT || Broker - localhost || [WinError 10061] Es konnte keine Verbindung hergestellt werden, da der Zielcomputer die Verbindung verweigerte|
2019-10-04 15:04:51,ERROR,|eMail || None || ERROR || MQTT || Broker - localhost || [WinError 10061] Es konnte keine Verbindung hergestellt werden, da der Zielcomputer die Verbindung verweigerte || No recipients have been added|
2019-10-04 15:04:53,ERROR,|ZigBee2MQTT || No Connection|
2019-10-04 15:04:54,ERROR,|eMail || None || ERROR || ZigBee2MQTT || No Connection || No recipients have been added|
2019-10-04 15:06:43,ERROR,|MQTT || Broker - localhost || [WinError 10061] Es konnte keine Verbindung hergestellt werden, da der Zielcomputer die Verbindung verweigerte|
2019-10-04 15:06:44,ERROR,|eMail || None || ERROR || MQTT || Broker - localhost || [WinError 10061] Es konnte keine Verbindung hergestellt werden, da der Zielcomputer die Verbindung verweigerte || No recipients have been added|
2019-10-04 15:06:46,ERROR,|ZigBee2MQTT || No Connection|
2019-10-04 15:06:46,ERROR,|eMail || None || ERROR || ZigBee2MQTT || No Connection || No recipients have been added|
2019-10-04 15:08:11,ERROR,|MQTT || Broker - localhost || [WinError 10061] Es konnte keine Verbindung hergestellt werden, da der Zielcomputer die Verbindung verweigerte|
2019-10-04 15:08:11,ERROR,|eMail || None || ERROR || MQTT || Broker - localhost || [WinError 10061] Es konnte keine Verbindung hergestellt werden, da der Zielcomputer die Verbindung verweigerte || No recipients have been added|
2019-10-04 15:08:14,ERROR,|ZigBee2MQTT || No Connection|
2019-10-04 15:08:14,ERROR,|eMail || None || ERROR || ZigBee2MQTT || No Connection || No recipients have been added|
2019-10-04 15:12:05,ERROR,|MQTT || Broker - localhost || [WinError 10061] Es konnte keine Verbindung hergestellt werden, da der Zielcomputer die Verbindung verweigerte|
2019-10-04 15:12:05,ERROR,|eMail || None || ERROR || MQTT || Broker - localhost || [WinError 10061] Es konnte keine Verbindung hergestellt werden, da der Zielcomputer die Verbindung verweigerte || No recipients have been added|
2019-10-04 15:12:08,ERROR,|ZigBee2MQTT || No Connection|
2019-10-04 15:12:08,ERROR,|eMail || None || ERROR || ZigBee2MQTT || No Connection || No recipients have been added|
2019-10-04 15:12:58,ERROR,|MQTT || Broker - localhost || [WinError 10061] Es konnte keine Verbindung hergestellt werden, da der Zielcomputer die Verbindung verweigerte|
2019-10-04 15:12:59,ERROR,|eMail || None || ERROR || MQTT || Broker - localhost || [WinError 10061] Es konnte keine Verbindung hergestellt werden, da der Zielcomputer die Verbindung verweigerte || No recipients have been added|
2019-10-04 15:13:01,ERROR,|ZigBee2MQTT || No Connection|
2019-10-04 15:13:02,ERROR,|eMail || None || ERROR || ZigBee2MQTT || No Connection || No recipients have been added|
2019-10-04 15:13:48,ERROR,|MQTT || Broker - localhost || [WinError 10061] Es konnte keine Verbindung hergestellt werden, da der Zielcomputer die Verbindung verweigerte|
2019-10-04 15:13:48,ERROR,|eMail || None || ERROR || MQTT || Broker - localhost || [WinError 10061] Es konnte keine Verbindung hergestellt werden, da der Zielcomputer die Verbindung verweigerte || No recipients have been added|
2019-10-04 15:13:51,ERROR,|ZigBee2MQTT || No Connection|
2019-10-04 15:13:51,ERROR,|eMail || None || ERROR || ZigBee2MQTT || No Connection || No recipients have been added|
2019-10-04 15:14:53,ERROR,|MQTT || Broker - localhost || [WinError 10061] Es konnte keine Verbindung hergestellt werden, da der Zielcomputer die Verbindung verweigerte|
2019-10-04 15:14:53,ERROR,|eMail || None || ERROR || MQTT || Broker - localhost || [WinError 10061] Es konnte keine Verbindung hergestellt werden, da der Zielcomputer die Verbindung verweigerte || No recipients have been added|
2019-10-04 15:14:56,ERROR,|ZigBee2MQTT || No Connection|
2019-10-04 15:14:56,ERROR,|eMail || None || ERROR || ZigBee2MQTT || No Connection || No recipients have been added|
2019-10-04 15:16:29,ERROR,|MQTT || Broker - localhost || [WinError 10061] Es konnte keine Verbindung hergestellt werden, da der Zielcomputer die Verbindung verweigerte|
2019-10-04 15:16:29,ERROR,|eMail || None || ERROR || MQTT || Broker - localhost || [WinError 10061] Es konnte keine Verbindung hergestellt werden, da der Zielcomputer die Verbindung verweigerte || No recipients have been added|
2019-10-04 15:16:32,ERROR,|ZigBee2MQTT || No Connection|
2019-10-04 15:16:32,ERROR,|eMail || None || ERROR || ZigBee2MQTT || No Connection || No recipients have been added|
2019-10-04 15:17:07,ERROR,|MQTT || Broker - localhost || [WinError 10061] Es konnte keine Verbindung hergestellt werden, da der Zielcomputer die Verbindung verweigerte|
2019-10-04 15:17:07,ERROR,|eMail || None || ERROR || MQTT || Broker - localhost || [WinError 10061] Es konnte keine Verbindung hergestellt werden, da der Zielcomputer die Verbindung verweigerte || No recipients have been added|
2019-10-04 15:17:10,ERROR,|ZigBee2MQTT || No Connection|
2019-10-04 15:17:10,ERROR,|eMail || None || ERROR || ZigBee2MQTT || No Connection || No recipients have been added|
2019-10-04 15:17:54,ERROR,|MQTT || Broker - localhost || [WinError 10061] Es konnte keine Verbindung hergestellt werden, da der Zielcomputer die Verbindung verweigerte|
2019-10-04 15:17:55,ERROR,|eMail || None || ERROR || MQTT || Broker - localhost || [WinError 10061] Es konnte keine Verbindung hergestellt werden, da der Zielcomputer die Verbindung verweigerte || No recipients have been added|
2019-10-04 15:17:57,ERROR,|ZigBee2MQTT || No Connection|
2019-10-04 15:17:58,ERROR,|eMail || None || ERROR || ZigBee2MQTT || No Connection || No recipients have been added|
2019-10-04 15:18:48,ERROR,|MQTT || Broker - localhost || [WinError 10061] Es konnte keine Verbindung hergestellt werden, da der Zielcomputer die Verbindung verweigerte|
2019-10-04 15:18:48,ERROR,|eMail || None || ERROR || MQTT || Broker - localhost || [WinError 10061] Es konnte keine Verbindung hergestellt werden, da der Zielcomputer die Verbindung verweigerte || No recipients have been added|
2019-10-04 15:18:51,ERROR,|ZigBee2MQTT || No Connection|
2019-10-04 15:18:51,ERROR,|eMail || None || ERROR || ZigBee2MQTT || No Connection || No recipients have been added|
2019-10-04 15:19:33,ERROR,|MQTT || Broker - localhost || [WinError 10061] Es konnte keine Verbindung hergestellt werden, da der Zielcomputer die Verbindung verweigerte|
2019-10-04 15:19:34,ERROR,|eMail || None || ERROR || MQTT || Broker - localhost || [WinError 10061] Es konnte keine Verbindung hergestellt werden, da der Zielcomputer die Verbindung verweigerte || No recipients have been added|
2019-10-04 15:19:36,ERROR,|ZigBee2MQTT || No Connection|
2019-10-04 15:19:37,ERROR,|eMail || None || ERROR || ZigBee2MQTT || No Connection || No recipients have been added|
2019-10-04 15:20:29,ERROR,|MQTT || Broker - localhost || [WinError 10061] Es konnte keine Verbindung hergestellt werden, da der Zielcomputer die Verbindung verweigerte|
2019-10-04 15:20:30,ERROR,|eMail || None || ERROR || MQTT || Broker - localhost || [WinError 10061] Es konnte keine Verbindung hergestellt werden, da der Zielcomputer die Verbindung verweigerte || No recipients have been added|
2019-10-04 15:20:32,ERROR,|ZigBee2MQTT || No Connection|
2019-10-04 15:20:33,ERROR,|eMail || None || ERROR || ZigBee2MQTT || No Connection || No recipients have been added|
2019-10-04 15:21:09,ERROR,|MQTT || Broker - localhost || [WinError 10061] Es konnte keine Verbindung hergestellt werden, da der Zielcomputer die Verbindung verweigerte|
2019-10-04 15:21:09,ERROR,|eMail || None || ERROR || MQTT || Broker - localhost || [WinError 10061] Es konnte keine Verbindung hergestellt werden, da der Zielcomputer die Verbindung verweigerte || No recipients have been added|
2019-10-04 15:21:12,ERROR,|ZigBee2MQTT || No Connection|
2019-10-04 15:21:12,ERROR,|eMail || None || ERROR || ZigBee2MQTT || No Connection || No recipients have been added|
2019-10-04 15:22:18,ERROR,|MQTT || Broker - localhost || [WinError 10061] Es konnte keine Verbindung hergestellt werden, da der Zielcomputer die Verbindung verweigerte|
2019-10-04 15:22:18,ERROR,|eMail || None || ERROR || MQTT || Broker - localhost || [WinError 10061] Es konnte keine Verbindung hergestellt werden, da der Zielcomputer die Verbindung verweigerte || No recipients have been added|
2019-10-04 15:22:21,ERROR,|ZigBee2MQTT || No Connection|
2019-10-04 15:22:21,ERROR,|eMail || None || ERROR || ZigBee2MQTT || No Connection || No recipients have been added|
2019-10-04 15:23:52,ERROR,|MQTT || Broker - localhost || [WinError 10061] Es konnte keine Verbindung hergestellt werden, da der Zielcomputer die Verbindung verweigerte|
2019-10-04 15:23:52,ERROR,|eMail || None || ERROR || MQTT || Broker - localhost || [WinError 10061] Es konnte keine Verbindung hergestellt werden, da der Zielcomputer die Verbindung verweigerte || No recipients have been added|
2019-10-04 15:23:55,ERROR,|ZigBee2MQTT || No Connection|
2019-10-04 15:23:55,ERROR,|eMail || None || ERROR || ZigBee2MQTT || No Connection || No recipients have been added|
2019-10-04 15:26:02,ERROR,|MQTT || Broker - localhost || [WinError 10061] Es konnte keine Verbindung hergestellt werden, da der Zielcomputer die Verbindung verweigerte|
2019-10-04 15:26:03,ERROR,|eMail || None || ERROR || MQTT || Broker - localhost || [WinError 10061] Es konnte keine Verbindung hergestellt werden, da der Zielcomputer die Verbindung verweigerte || No recipients have been added|
2019-10-04 15:26:05,ERROR,|ZigBee2MQTT || No Connection|
2019-10-04 15:26:06,ERROR,|eMail || None || ERROR || ZigBee2MQTT || No Connection || No recipients have been added|
2019-10-04 16:17:39,ERROR,|MQTT || Broker - localhost || [WinError 10061] Es konnte keine Verbindung hergestellt werden, da der Zielcomputer die Verbindung verweigerte|
2019-10-04 16:17:40,ERROR,|eMail || None || ERROR || MQTT || Broker - localhost || [WinError 10061] Es konnte keine Verbindung hergestellt werden, da der Zielcomputer die Verbindung verweigerte || No recipients have been added|
2019-10-04 16:17:42,ERROR,|ZigBee2MQTT || No Connection|
2019-10-04 16:17:42,ERROR,|eMail || None || ERROR || ZigBee2MQTT || No Connection || No recipients have been added|
2019-10-04 16:18:19,ERROR,|MQTT || Broker - localhost || [WinError 10061] Es konnte keine Verbindung hergestellt werden, da der Zielcomputer die Verbindung verweigerte|
2019-10-04 16:18:20,ERROR,|eMail || None || ERROR || MQTT || Broker - localhost || [WinError 10061] Es konnte keine Verbindung hergestellt werden, da der Zielcomputer die Verbindung verweigerte || No recipients have been added|
2019-10-04 16:18:22,ERROR,|ZigBee2MQTT || No Connection|
2019-10-04 16:18:23,ERROR,|eMail || None || ERROR || ZigBee2MQTT || No Connection || No recipients have been added|
2019-10-04 16:23:20,ERROR,|MQTT || Broker - localhost || [WinError 10061] Es konnte keine Verbindung hergestellt werden, da der Zielcomputer die Verbindung verweigerte|
2019-10-04 16:23:20,ERROR,|eMail || None || ERROR || MQTT || Broker - localhost || [WinError 10061] Es konnte keine Verbindung hergestellt werden, da der Zielcomputer die Verbindung verweigerte || No recipients have been added|
2019-10-04 16:23:23,ERROR,|ZigBee2MQTT || No Connection|
2019-10-04 16:23:23,ERROR,|eMail || None || ERROR || ZigBee2MQTT || No Connection || No recipients have been added|
2019-10-04 16:24:32,ERROR,|MQTT || Broker - localhost || [WinError 10061] Es konnte keine Verbindung hergestellt werden, da der Zielcomputer die Verbindung verweigerte|
2019-10-04 16:24:33,ERROR,|eMail || None || ERROR || MQTT || Broker - localhost || [WinError 10061] Es konnte keine Verbindung hergestellt werden, da der Zielcomputer die Verbindung verweigerte || No recipients have been added|
2019-10-04 16:24:35,ERROR,|ZigBee2MQTT || No Connection|
2019-10-04 16:24:36,ERROR,|eMail || None || ERROR || ZigBee2MQTT || No Connection || No recipients have been added|
2019-10-04 16:25:38,ERROR,|MQTT || Broker - localhost || [WinError 10061] Es konnte keine Verbindung hergestellt werden, da der Zielcomputer die Verbindung verweigerte|
2019-10-04 16:25:38,ERROR,|eMail || None || ERROR || MQTT || Broker - localhost || [WinError 10061] Es konnte keine Verbindung hergestellt werden, da der Zielcomputer die Verbindung verweigerte || No recipients have been added|
2019-10-04 16:25:41,ERROR,|ZigBee2MQTT || No Connection|
2019-10-04 16:25:41,ERROR,|eMail || None || ERROR || ZigBee2MQTT || No Connection || No recipients have been added|
2019-10-04 16:26:19,ERROR,|MQTT || Broker - localhost || [WinError 10061] Es konnte keine Verbindung hergestellt werden, da der Zielcomputer die Verbindung verweigerte|
2019-10-04 16:26:19,ERROR,|eMail || None || ERROR || MQTT || Broker - localhost || [WinError 10061] Es konnte keine Verbindung hergestellt werden, da der Zielcomputer die Verbindung verweigerte || No recipients have been added|
2019-10-04 16:26:22,ERROR,|ZigBee2MQTT || No Connection|
2019-10-04 16:26:22,ERROR,|eMail || None || ERROR || ZigBee2MQTT || No Connection || No recipients have been added|
2019-10-04 16:27:07,ERROR,|MQTT || Broker - localhost || [WinError 10061] Es konnte keine Verbindung hergestellt werden, da der Zielcomputer die Verbindung verweigerte|
2019-10-04 16:27:07,ERROR,|eMail || None || ERROR || MQTT || Broker - localhost || [WinError 10061] Es konnte keine Verbindung hergestellt werden, da der Zielcomputer die Verbindung verweigerte || No recipients have been added|
2019-10-04 16:27:10,ERROR,|ZigBee2MQTT || No Connection|
2019-10-04 16:27:10,ERROR,|eMail || None || ERROR || ZigBee2MQTT || No Connection || No recipients have been added|
2019-10-04 16:27:45,ERROR,|MQTT || Broker - localhost || [WinError 10061] Es konnte keine Verbindung hergestellt werden, da der Zielcomputer die Verbindung verweigerte|
2019-10-04 16:27:45,ERROR,|eMail || None || ERROR || MQTT || Broker - localhost || [WinError 10061] Es konnte keine Verbindung hergestellt werden, da der Zielcomputer die Verbindung verweigerte || No recipients have been added|
2019-10-04 16:27:48,ERROR,|ZigBee2MQTT || No Connection|
2019-10-04 16:27:48,ERROR,|eMail || None || ERROR || ZigBee2MQTT || No Connection || No recipients have been added|
2019-10-04 16:28:20,ERROR,|MQTT || Broker - localhost || [WinError 10061] Es konnte keine Verbindung hergestellt werden, da der Zielcomputer die Verbindung verweigerte|
2019-10-04 16:28:20,ERROR,|eMail || None || ERROR || MQTT || Broker - localhost || [WinError 10061] Es konnte keine Verbindung hergestellt werden, da der Zielcomputer die Verbindung verweigerte || No recipients have been added|
2019-10-04 16:28:23,ERROR,|ZigBee2MQTT || No Connection|
2019-10-04 16:28:23,ERROR,|eMail || None || ERROR || ZigBee2MQTT || No Connection || No recipients have been added|
2019-10-04 16:30:11,ERROR,|MQTT || Broker - localhost || [WinError 10061] Es konnte keine Verbindung hergestellt werden, da der Zielcomputer die Verbindung verweigerte|
2019-10-04 16:30:12,ERROR,|eMail || None || ERROR || MQTT || Broker - localhost || [WinError 10061] Es konnte keine Verbindung hergestellt werden, da der Zielcomputer die Verbindung verweigerte || No recipients have been added|
2019-10-04 16:30:14,ERROR,|ZigBee2MQTT || No Connection|
2019-10-04 16:30:15,ERROR,|eMail || None || ERROR || ZigBee2MQTT || No Connection || No recipients have been added|
2019-10-04 16:31:38,ERROR,|MQTT || Broker - localhost || [WinError 10061] Es konnte keine Verbindung hergestellt werden, da der Zielcomputer die Verbindung verweigerte|
2019-10-04 16:31:38,ERROR,|eMail || None || ERROR || MQTT || Broker - localhost || [WinError 10061] Es konnte keine Verbindung hergestellt werden, da der Zielcomputer die Verbindung verweigerte || No recipients have been added|
2019-10-04 16:31:41,ERROR,|ZigBee2MQTT || No Connection|
2019-10-04 16:31:41,ERROR,|eMail || None || ERROR || ZigBee2MQTT || No Connection || No recipients have been added|
2019-10-04 16:34:44,ERROR,|MQTT || Broker - localhost || [WinError 10061] Es konnte keine Verbindung hergestellt werden, da der Zielcomputer die Verbindung verweigerte|
2019-10-04 16:34:44,ERROR,|eMail || None || ERROR || MQTT || Broker - localhost || [WinError 10061] Es konnte keine Verbindung hergestellt werden, da der Zielcomputer die Verbindung verweigerte || No recipients have been added|
2019-10-04 16:34:47,ERROR,|ZigBee2MQTT || No Connection|
2019-10-04 16:34:47,ERROR,|eMail || None || ERROR || ZigBee2MQTT || No Connection || No recipients have been added|
2019-10-04 16:39:21,ERROR,|MQTT || Broker - localhost || [WinError 10061] Es konnte keine Verbindung hergestellt werden, da der Zielcomputer die Verbindung verweigerte|
2019-10-04 16:39:22,ERROR,|eMail || None || ERROR || MQTT || Broker - localhost || [WinError 10061] Es konnte keine Verbindung hergestellt werden, da der Zielcomputer die Verbindung verweigerte || No recipients have been added|
2019-10-04 16:39:24,ERROR,|ZigBee2MQTT || No Connection|
2019-10-04 16:39:25,ERROR,|eMail || None || ERROR || ZigBee2MQTT || No Connection || No recipients have been added|
2019-10-04 16:44:53,ERROR,|MQTT || Broker - localhost || [WinError 10061] Es konnte keine Verbindung hergestellt werden, da der Zielcomputer die Verbindung verweigerte|
2019-10-04 16:44:54,ERROR,|eMail || None || ERROR || MQTT || Broker - localhost || [WinError 10061] Es konnte keine Verbindung hergestellt werden, da der Zielcomputer die Verbindung verweigerte || No recipients have been added|
2019-10-04 16:44:56,ERROR,|ZigBee2MQTT || No Connection|
2019-10-04 16:44:57,ERROR,|eMail || None || ERROR || ZigBee2MQTT || No Connection || No recipients have been added|
2019-10-04 16:48:11,ERROR,|MQTT || Broker - localhost || [WinError 10061] Es konnte keine Verbindung hergestellt werden, da der Zielcomputer die Verbindung verweigerte|
2019-10-04 16:48:12,ERROR,|eMail || None || ERROR || MQTT || Broker - localhost || [WinError 10061] Es konnte keine Verbindung hergestellt werden, da der Zielcomputer die Verbindung verweigerte || No recipients have been added|
2019-10-04 16:48:14,ERROR,|ZigBee2MQTT || No Connection|
2019-10-04 16:48:14,ERROR,|eMail || None || ERROR || ZigBee2MQTT || No Connection || No recipients have been added|
2019-10-04 16:49:24,ERROR,|MQTT || Broker - localhost || [WinError 10061] Es konnte keine Verbindung hergestellt werden, da der Zielcomputer die Verbindung verweigerte|
2019-10-04 16:49:25,ERROR,|eMail || None || ERROR || MQTT || Broker - localhost || [WinError 10061] Es konnte keine Verbindung hergestellt werden, da der Zielcomputer die Verbindung verweigerte || No recipients have been added|
2019-10-04 16:49:27,ERROR,|ZigBee2MQTT || No Connection|
2019-10-04 16:49:28,ERROR,|eMail || None || ERROR || ZigBee2MQTT || No Connection || No recipients have been added|
2019-10-04 16:50:17,ERROR,|MQTT || Broker - localhost || [WinError 10061] Es konnte keine Verbindung hergestellt werden, da der Zielcomputer die Verbindung verweigerte|
2019-10-04 16:50:18,ERROR,|eMail || None || ERROR || MQTT || Broker - localhost || [WinError 10061] Es konnte keine Verbindung hergestellt werden, da der Zielcomputer die Verbindung verweigerte || No recipients have been added|
2019-10-04 16:50:20,ERROR,|ZigBee2MQTT || No Connection|
2019-10-04 16:50:21,ERROR,|eMail || None || ERROR || ZigBee2MQTT || No Connection || No recipients have been added|
2019-10-04 19:38:51,ERROR,|MQTT || Broker - localhost || [WinError 10061] Es konnte keine Verbindung hergestellt werden, da der Zielcomputer die Verbindung verweigerte|
2019-10-04 19:38:51,ERROR,|eMail || None || ERROR || MQTT || Broker - localhost || [WinError 10061] Es konnte keine Verbindung hergestellt werden, da der Zielcomputer die Verbindung verweigerte || No recipients have been added|
2019-10-04 19:38:54,ERROR,|ZigBee2MQTT || No Connection|
2019-10-04 19:38:54,ERROR,|eMail || None || ERROR || ZigBee2MQTT || No Connection || No recipients have been added|
2019-10-04 23:58:29,ERROR,|MQTT || Broker - localhost || [WinError 10061] Es konnte keine Verbindung hergestellt werden, da der Zielcomputer die Verbindung verweigerte|
2019-10-04 23:58:29,ERROR,|eMail || None || ERROR || MQTT || Broker - localhost || [WinError 10061] Es konnte keine Verbindung hergestellt werden, da der Zielcomputer die Verbindung verweigerte || No recipients have been added|
2019-10-04 23:58:32,ERROR,|ZigBee2MQTT || No Connection|
2019-10-04 23:58:32,ERROR,|eMail || None || ERROR || ZigBee2MQTT || No Connection || No recipients have been added|
2019-10-05 00:01:13,ERROR,|MQTT || Broker - localhost || [WinError 10061] Es konnte keine Verbindung hergestellt werden, da der Zielcomputer die Verbindung verweigerte|
2019-10-05 00:01:13,ERROR,|eMail || None || ERROR || MQTT || Broker - localhost || [WinError 10061] Es konnte keine Verbindung hergestellt werden, da der Zielcomputer die Verbindung verweigerte || No recipients have been added|
2019-10-05 00:01:16,ERROR,|ZigBee2MQTT || No Connection|
2019-10-05 00:01:16,ERROR,|eMail || None || ERROR || ZigBee2MQTT || No Connection || No recipients have been added|
2019-10-05 00:03:59,ERROR,|MQTT || Broker - localhost || [WinError 10061] Es konnte keine Verbindung hergestellt werden, da der Zielcomputer die Verbindung verweigerte|
2019-10-05 00:03:59,ERROR,|eMail || None || ERROR || MQTT || Broker - localhost || [WinError 10061] Es konnte keine Verbindung hergestellt werden, da der Zielcomputer die Verbindung verweigerte || No recipients have been added|
2019-10-05 00:04:02,ERROR,|ZigBee2MQTT || No Connection|
2019-10-05 00:04:02,ERROR,|eMail || None || ERROR || ZigBee2MQTT || No Connection || No recipients have been added|
2019-10-05 00:04:25,ERROR,|MQTT || Broker - localhost || [WinError 10061] Es konnte keine Verbindung hergestellt werden, da der Zielcomputer die Verbindung verweigerte|
2019-10-05 00:04:26,ERROR,|eMail || None || ERROR || MQTT || Broker - localhost || [WinError 10061] Es konnte keine Verbindung hergestellt werden, da der Zielcomputer die Verbindung verweigerte || No recipients have been added|
2019-10-05 00:04:28,ERROR,|ZigBee2MQTT || No Connection|
2019-10-05 00:04:29,ERROR,|eMail || None || ERROR || ZigBee2MQTT || No Connection || No recipients have been added|
2019-10-05 00:06:33,ERROR,|MQTT || Broker - localhost || [WinError 10061] Es konnte keine Verbindung hergestellt werden, da der Zielcomputer die Verbindung verweigerte|
2019-10-05 00:06:33,ERROR,|eMail || None || ERROR || MQTT || Broker - localhost || [WinError 10061] Es konnte keine Verbindung hergestellt werden, da der Zielcomputer die Verbindung verweigerte || No recipients have been added|
2019-10-05 00:06:36,ERROR,|ZigBee2MQTT || No Connection|
2019-10-05 00:06:36,ERROR,|eMail || None || ERROR || ZigBee2MQTT || No Connection || No recipients have been added|
2019-10-05 00:07:41,ERROR,|MQTT || Broker - localhost || [WinError 10061] Es konnte keine Verbindung hergestellt werden, da der Zielcomputer die Verbindung verweigerte|
2019-10-05 00:07:42,ERROR,|eMail || None || ERROR || MQTT || Broker - localhost || [WinError 10061] Es konnte keine Verbindung hergestellt werden, da der Zielcomputer die Verbindung verweigerte || No recipients have been added|
2019-10-05 00:07:44,ERROR,|ZigBee2MQTT || No Connection|
2019-10-05 00:07:45,ERROR,|eMail || None || ERROR || ZigBee2MQTT || No Connection || No recipients have been added|
2019-10-05 00:08:15,ERROR,|MQTT || Broker - localhost || [WinError 10061] Es konnte keine Verbindung hergestellt werden, da der Zielcomputer die Verbindung verweigerte|
2019-10-05 00:08:15,ERROR,|eMail || None || ERROR || MQTT || Broker - localhost || [WinError 10061] Es konnte keine Verbindung hergestellt werden, da der Zielcomputer die Verbindung verweigerte || No recipients have been added|
2019-10-05 00:08:18,ERROR,|ZigBee2MQTT || No Connection|
2019-10-05 00:08:18,ERROR,|eMail || None || ERROR || ZigBee2MQTT || No Connection || No recipients have been added|
2019-10-05 00:09:56,ERROR,|MQTT || Broker - localhost || [WinError 10061] Es konnte keine Verbindung hergestellt werden, da der Zielcomputer die Verbindung verweigerte|
2019-10-05 00:09:56,ERROR,|eMail || None || ERROR || MQTT || Broker - localhost || [WinError 10061] Es konnte keine Verbindung hergestellt werden, da der Zielcomputer die Verbindung verweigerte || No recipients have been added|
2019-10-05 00:09:59,ERROR,|ZigBee2MQTT || No Connection|
2019-10-05 00:09:59,ERROR,|eMail || None || ERROR || ZigBee2MQTT || No Connection || No recipients have been added|
2019-10-05 02:59:52,ERROR,|MQTT || Broker - localhost || [WinError 10061] Es konnte keine Verbindung hergestellt werden, da der Zielcomputer die Verbindung verweigerte|
2019-10-05 02:59:54,ERROR,|eMail || None || ERROR || MQTT || Broker - localhost || [WinError 10061] Es konnte keine Verbindung hergestellt werden, da der Zielcomputer die Verbindung verweigerte || No recipients have been added|
2019-10-05 02:59:55,ERROR,|ZigBee2MQTT || No Connection|
2019-10-05 02:59:57,ERROR,|eMail || None || ERROR || ZigBee2MQTT || No Connection || No recipients have been added|
2019-10-05 03:06:24,ERROR,|MQTT || Broker - localhost || [WinError 10061] Es konnte keine Verbindung hergestellt werden, da der Zielcomputer die Verbindung verweigerte|
2019-10-05 03:06:26,ERROR,|eMail || None || ERROR || MQTT || Broker - localhost || [WinError 10061] Es konnte keine Verbindung hergestellt werden, da der Zielcomputer die Verbindung verweigerte || No recipients have been added|
2019-10-05 03:06:27,ERROR,|ZigBee2MQTT || No Connection|
2019-10-05 03:06:29,ERROR,|eMail || None || ERROR || ZigBee2MQTT || No Connection || No recipients have been added|
2019-10-05 03:08:18,ERROR,|MQTT || Broker - localhost || [WinError 10061] Es konnte keine Verbindung hergestellt werden, da der Zielcomputer die Verbindung verweigerte|
2019-10-05 03:08:20,ERROR,|eMail || None || ERROR || MQTT || Broker - localhost || [WinError 10061] Es konnte keine Verbindung hergestellt werden, da der Zielcomputer die Verbindung verweigerte || No recipients have been added|
2019-10-05 03:08:21,ERROR,|ZigBee2MQTT || No Connection|
2019-10-05 03:08:23,ERROR,|eMail || None || ERROR || ZigBee2MQTT || No Connection || No recipients have been added|
2019-10-05 03:09:43,ERROR,|MQTT || Broker - localhost || [WinError 10061] Es konnte keine Verbindung hergestellt werden, da der Zielcomputer die Verbindung verweigerte|
2019-10-05 03:09:45,ERROR,|eMail || None || ERROR || MQTT || Broker - localhost || [WinError 10061] Es konnte keine Verbindung hergestellt werden, da der Zielcomputer die Verbindung verweigerte || No recipients have been added|
2019-10-05 03:09:46,ERROR,|ZigBee2MQTT || No Connection|
2019-10-05 03:09:48,ERROR,|eMail || None || ERROR || ZigBee2MQTT || No Connection || No recipients have been added|
2019-10-05 03:30:54,ERROR,|MQTT || Broker - localhost || [WinError 10061] Es konnte keine Verbindung hergestellt werden, da der Zielcomputer die Verbindung verweigerte|
2019-10-05 03:30:56,ERROR,|eMail || None || ERROR || MQTT || Broker - localhost || [WinError 10061] Es konnte keine Verbindung hergestellt werden, da der Zielcomputer die Verbindung verweigerte || No recipients have been added|
2019-10-05 03:30:57,ERROR,|ZigBee2MQTT || No Connection|
2019-10-05 03:30:59,ERROR,|eMail || None || ERROR || ZigBee2MQTT || No Connection || No recipients have been added|
2019-10-05 03:32:46,ERROR,|MQTT || Broker - localhost || [WinError 10061] Es konnte keine Verbindung hergestellt werden, da der Zielcomputer die Verbindung verweigerte|
2019-10-05 03:32:48,ERROR,|eMail || None || ERROR || MQTT || Broker - localhost || [WinError 10061] Es konnte keine Verbindung hergestellt werden, da der Zielcomputer die Verbindung verweigerte || No recipients have been added|
2019-10-05 03:32:49,ERROR,|ZigBee2MQTT || No Connection|
2019-10-05 03:32:51,ERROR,|eMail || None || ERROR || ZigBee2MQTT || No Connection || No recipients have been added|
2019-10-05 03:34:32,ERROR,|MQTT || Broker - localhost || [WinError 10061] Es konnte keine Verbindung hergestellt werden, da der Zielcomputer die Verbindung verweigerte|
2019-10-05 03:34:34,ERROR,|eMail || None || ERROR || MQTT || Broker - localhost || [WinError 10061] Es konnte keine Verbindung hergestellt werden, da der Zielcomputer die Verbindung verweigerte || No recipients have been added|
2019-10-05 03:34:35,ERROR,|ZigBee2MQTT || No Connection|
2019-10-05 03:34:37,ERROR,|eMail || None || ERROR || ZigBee2MQTT || No Connection || No recipients have been added|
2019-10-05 03:35:21,ERROR,|MQTT || Broker - localhost || [WinError 10061] Es konnte keine Verbindung hergestellt werden, da der Zielcomputer die Verbindung verweigerte|
2019-10-05 03:35:23,ERROR,|eMail || None || ERROR || MQTT || Broker - localhost || [WinError 10061] Es konnte keine Verbindung hergestellt werden, da der Zielcomputer die Verbindung verweigerte || No recipients have been added|
2019-10-05 03:35:24,ERROR,|ZigBee2MQTT || No Connection|
2019-10-05 03:35:26,ERROR,|eMail || None || ERROR || ZigBee2MQTT || No Connection || No recipients have been added|
2019-10-05 03:36:52,ERROR,|MQTT || Broker - localhost || [WinError 10061] Es konnte keine Verbindung hergestellt werden, da der Zielcomputer die Verbindung verweigerte|
2019-10-05 03:36:54,ERROR,|eMail || None || ERROR || MQTT || Broker - localhost || [WinError 10061] Es konnte keine Verbindung hergestellt werden, da der Zielcomputer die Verbindung verweigerte || No recipients have been added|
2019-10-05 03:36:55,ERROR,|ZigBee2MQTT || No Connection|
2019-10-05 03:36:57,ERROR,|eMail || None || ERROR || ZigBee2MQTT || No Connection || No recipients have been added|
2019-10-05 03:38:27,ERROR,|MQTT || Broker - localhost || [WinError 10061] Es konnte keine Verbindung hergestellt werden, da der Zielcomputer die Verbindung verweigerte|
2019-10-05 03:38:29,ERROR,|eMail || None || ERROR || MQTT || Broker - localhost || [WinError 10061] Es konnte keine Verbindung hergestellt werden, da der Zielcomputer die Verbindung verweigerte || No recipients have been added|
2019-10-05 03:38:30,ERROR,|ZigBee2MQTT || No Connection|
2019-10-05 03:38:32,ERROR,|eMail || None || ERROR || ZigBee2MQTT || No Connection || No recipients have been added|
2019-10-05 03:39:44,ERROR,|MQTT || Broker - localhost || [WinError 10061] Es konnte keine Verbindung hergestellt werden, da der Zielcomputer die Verbindung verweigerte|
2019-10-05 03:39:46,ERROR,|eMail || None || ERROR || MQTT || Broker - localhost || [WinError 10061] Es konnte keine Verbindung hergestellt werden, da der Zielcomputer die Verbindung verweigerte || No recipients have been added|
2019-10-05 03:39:47,ERROR,|ZigBee2MQTT || No Connection|
2019-10-05 03:39:49,ERROR,|eMail || None || ERROR || ZigBee2MQTT || No Connection || No recipients have been added|
2019-10-05 03:41:34,ERROR,|MQTT || Broker - localhost || [WinError 10061] Es konnte keine Verbindung hergestellt werden, da der Zielcomputer die Verbindung verweigerte|
2019-10-05 03:41:36,ERROR,|eMail || None || ERROR || MQTT || Broker - localhost || [WinError 10061] Es konnte keine Verbindung hergestellt werden, da der Zielcomputer die Verbindung verweigerte || No recipients have been added|
2019-10-05 03:41:37,ERROR,|ZigBee2MQTT || No Connection|
2019-10-05 03:41:39,ERROR,|eMail || None || ERROR || ZigBee2MQTT || No Connection || No recipients have been added|
2019-10-05 03:42:47,ERROR,|MQTT || Broker - localhost || [WinError 10061] Es konnte keine Verbindung hergestellt werden, da der Zielcomputer die Verbindung verweigerte|
2019-10-05 03:42:49,ERROR,|eMail || None || ERROR || MQTT || Broker - localhost || [WinError 10061] Es konnte keine Verbindung hergestellt werden, da der Zielcomputer die Verbindung verweigerte || No recipients have been added|
2019-10-05 03:42:50,ERROR,|ZigBee2MQTT || No Connection|
2019-10-05 03:42:52,ERROR,|eMail || None || ERROR || ZigBee2MQTT || No Connection || No recipients have been added|
2019-10-05 03:43:06,DATABASE,|LED || Scene - test || added|
2019-10-05 03:44:26,ERROR,|MQTT || Broker - localhost || [WinError 10061] Es konnte keine Verbindung hergestellt werden, da der Zielcomputer die Verbindung verweigerte|
2019-10-05 03:44:28,ERROR,|eMail || None || ERROR || MQTT || Broker - localhost || [WinError 10061] Es konnte keine Verbindung hergestellt werden, da der Zielcomputer die Verbindung verweigerte || No recipients have been added|
2019-10-05 03:44:29,ERROR,|ZigBee2MQTT || No Connection|
2019-10-05 03:44:31,ERROR,|eMail || None || ERROR || ZigBee2MQTT || No Connection || No recipients have been added|
2019-10-05 03:48:11,ERROR,|MQTT || Broker - localhost || [WinError 10061] Es konnte keine Verbindung hergestellt werden, da der Zielcomputer die Verbindung verweigerte|
2019-10-05 03:48:13,ERROR,|eMail || None || ERROR || MQTT || Broker - localhost || [WinError 10061] Es konnte keine Verbindung hergestellt werden, da der Zielcomputer die Verbindung verweigerte || No recipients have been added|
2019-10-05 03:48:14,ERROR,|ZigBee2MQTT || No Connection|
2019-10-05 03:48:16,ERROR,|eMail || None || ERROR || ZigBee2MQTT || No Connection || No recipients have been added|
2019-10-05 03:49:19,ERROR,|MQTT || Broker - localhost || [WinError 10061] Es konnte keine Verbindung hergestellt werden, da der Zielcomputer die Verbindung verweigerte|
2019-10-05 03:49:22,ERROR,|eMail || None || ERROR || MQTT || Broker - localhost || [WinError 10061] Es konnte keine Verbindung hergestellt werden, da der Zielcomputer die Verbindung verweigerte || No recipients have been added|
2019-10-05 03:49:22,ERROR,|ZigBee2MQTT || No Connection|
2019-10-05 03:49:24,ERROR,|eMail || None || ERROR || ZigBee2MQTT || No Connection || No recipients have been added|
2019-10-05 03:50:41,ERROR,|MQTT || Broker - localhost || [WinError 10061] Es konnte keine Verbindung hergestellt werden, da der Zielcomputer die Verbindung verweigerte|
2019-10-05 03:50:43,ERROR,|eMail || None || ERROR || MQTT || Broker - localhost || [WinError 10061] Es konnte keine Verbindung hergestellt werden, da der Zielcomputer die Verbindung verweigerte || No recipients have been added|
2019-10-05 03:50:44,ERROR,|ZigBee2MQTT || No Connection|
2019-10-05 03:50:46,ERROR,|eMail || None || ERROR || ZigBee2MQTT || No Connection || No recipients have been added|
2019-10-05 03:52:43,ERROR,|MQTT || Broker - localhost || [WinError 10061] Es konnte keine Verbindung hergestellt werden, da der Zielcomputer die Verbindung verweigerte|
2019-10-05 03:52:45,ERROR,|eMail || None || ERROR || MQTT || Broker - localhost || [WinError 10061] Es konnte keine Verbindung hergestellt werden, da der Zielcomputer die Verbindung verweigerte || No recipients have been added|
2019-10-05 03:52:46,ERROR,|ZigBee2MQTT || No Connection|
2019-10-05 03:52:48,ERROR,|eMail || None || ERROR || ZigBee2MQTT || No Connection || No recipients have been added|
2019-10-05 03:52:51,DATABASE,|LED || Scene - test || deleted|
2019-10-05 03:52:55,DATABASE,|LED || Scene - test || added|
2019-10-05 03:54:11,ERROR,|MQTT || Broker - localhost || [WinError 10061] Es konnte keine Verbindung hergestellt werden, da der Zielcomputer die Verbindung verweigerte|
2019-10-05 03:54:13,ERROR,|eMail || None || ERROR || MQTT || Broker - localhost || [WinError 10061] Es konnte keine Verbindung hergestellt werden, da der Zielcomputer die Verbindung verweigerte || No recipients have been added|
2019-10-05 03:54:14,ERROR,|ZigBee2MQTT || No Connection|
2019-10-05 03:54:16,ERROR,|eMail || None || ERROR || ZigBee2MQTT || No Connection || No recipients have been added|
2019-10-05 03:55:24,ERROR,|MQTT || Broker - localhost || [WinError 10061] Es konnte keine Verbindung hergestellt werden, da der Zielcomputer die Verbindung verweigerte|
2019-10-05 03:55:26,ERROR,|eMail || None || ERROR || MQTT || Broker - localhost || [WinError 10061] Es konnte keine Verbindung hergestellt werden, da der Zielcomputer die Verbindung verweigerte || No recipients have been added|
2019-10-05 03:55:27,ERROR,|ZigBee2MQTT || No Connection|
2019-10-05 03:55:29,ERROR,|eMail || None || ERROR || ZigBee2MQTT || No Connection || No recipients have been added|
2019-10-05 03:58:23,ERROR,|MQTT || Broker - localhost || [WinError 10061] Es konnte keine Verbindung hergestellt werden, da der Zielcomputer die Verbindung verweigerte|
2019-10-05 03:58:25,ERROR,|eMail || None || ERROR || MQTT || Broker - localhost || [WinError 10061] Es konnte keine Verbindung hergestellt werden, da der Zielcomputer die Verbindung verweigerte || No recipients have been added|
2019-10-05 03:58:26,ERROR,|ZigBee2MQTT || No Connection|
2019-10-05 03:58:28,ERROR,|eMail || None || ERROR || ZigBee2MQTT || No Connection || No recipients have been added|
2019-10-05 03:59:03,ERROR,|MQTT || Broker - localhost || [WinError 10061] Es konnte keine Verbindung hergestellt werden, da der Zielcomputer die Verbindung verweigerte|
2019-10-05 03:59:05,ERROR,|eMail || None || ERROR || MQTT || Broker - localhost || [WinError 10061] Es konnte keine Verbindung hergestellt werden, da der Zielcomputer die Verbindung verweigerte || No recipients have been added|
2019-10-05 03:59:06,ERROR,|ZigBee2MQTT || No Connection|
2019-10-05 03:59:08,ERROR,|eMail || None || ERROR || ZigBee2MQTT || No Connection || No recipients have been added|
2019-10-05 03:59:56,ERROR,|MQTT || Broker - localhost || [WinError 10061] Es konnte keine Verbindung hergestellt werden, da der Zielcomputer die Verbindung verweigerte|
2019-10-05 03:59:58,ERROR,|eMail || None || ERROR || MQTT || Broker - localhost || [WinError 10061] Es konnte keine Verbindung hergestellt werden, da der Zielcomputer die Verbindung verweigerte || No recipients have been added|
2019-10-05 03:59:59,ERROR,|ZigBee2MQTT || No Connection|
2019-10-05 04:00:01,ERROR,|eMail || None || ERROR || ZigBee2MQTT || No Connection || No recipients have been added|
2019-10-05 04:08:19,ERROR,|MQTT || Broker - localhost || [WinError 10061] Es konnte keine Verbindung hergestellt werden, da der Zielcomputer die Verbindung verweigerte|
2019-10-05 04:08:21,ERROR,|eMail || None || ERROR || MQTT || Broker - localhost || [WinError 10061] Es konnte keine Verbindung hergestellt werden, da der Zielcomputer die Verbindung verweigerte || No recipients have been added|
2019-10-05 04:08:22,ERROR,|ZigBee2MQTT || No Connection|
2019-10-05 04:08:23,ERROR,|eMail || None || ERROR || ZigBee2MQTT || No Connection || No recipients have been added|
